{
  "config": {
    "n_cases": 10000,
    "n_eval": 200,
    "top_k": 3,
    "l0_top": 3,
    "seed": 0,
    "score_norm_k": 6.0,
    "coverage_threshold": 1.0,
    "n_topics": 15
  },
  "synth_seconds": 0.03297560662031174,
  "backends": {
    "jsonl": {
      "n_cases": 10000,
      "populate_seconds": 0.05075088515877724,
      "retrieval_latency": {
        "avg_ms": 50.658552083186805,
        "p50_ms": 50.201572477817535,
        "p95_ms": 61.17512285709381,
        "p99_ms": 69.06107999384403,
        "max_ms": 77.25042011588812,
        "n_queries": 200
      },
      "agent_eval": {
        "resolution_rate": 0.995,
        "escalation_rate": 0.0,
        "avg_coverage": 0.995,
        "n_queries": 200
      },
      "agent_eval_seconds": 10.50503391213715
    },
    "fs_topic_date": {
      "n_cases": 10000,
      "populate_seconds": 0.026451818645000458,
      "retrieval_latency": {
        "avg_ms": 21.925737713463604,
        "p50_ms": 20.96028532832861,
        "p95_ms": 30.173426494002342,
        "p99_ms": 38.018522784113884,
        "max_ms": 43.61071716994047,
        "n_queries": 200
      },
      "agent_eval": {
        "resolution_rate": 1.0,
        "escalation_rate": 0.0,
        "avg_coverage": 1.0,
        "n_queries": 200
      },
      "agent_eval_seconds": 4.428047723136842,
      "fs_stats": {
        "n_l0": 15,
        "n_l1": 150
      }
    }
  },
  "total_seconds": 29.561663381755352
}